﻿{"cameraMode":{"drawMode":0,"name":"Shaded","section":"Shading Mode"},"sceneLighting":true,"audioPlay":false,"sceneViewState":{"showFog":true,"showMaterialUpdate":false,"showSkybox":true,"showFlares":true,"showImageEffects":true,"showParticleSystems":true},"in2DMode":false,"pivot":{"x":0.1528884470462799,"y":-3.5544815063476564,"z":-13.188538551330567},"rotation":{"x":0.045300379395484927,"y":-0.01352075394243002,"z":0.0002678409218788147,"w":0.9990074634552002},"size":15.843923568725586,"orthographic":false}